# t[s], omega_smooth[rad/s], omega_raw[rad/s]
0.022917,-1.270427,-5.890646
0.027083,4.226619,12.525584
0.031250,13.482679,-1.205784
0.035417,15.972026,21.594585
0.039583,15.101754,40.389657
0.043750,21.451978,6.556088
0.047917,25.731272,8.174226
0.052083,22.023570,30.545332
0.056250,27.972640,42.991056
0.060417,32.731811,21.851149
0.064583,29.118735,36.301436
0.068750,29.266710,31.970081
0.072917,23.729020,12.479952
0.077083,21.723304,43.730933
0.081250,22.643087,-5.837304
0.085417,27.803310,26.272860
0.089583,29.593704,36.568992
0.093750,40.472172,38.281069
0.097917,38.597759,52.682904
0.102083,37.447683,48.555035
0.106250,35.635656,16.900796
0.110417,32.750095,30.818612
0.114583,29.246523,29.220934
0.118750,38.666264,38.255101
0.122917,31.673356,31.037174
0.127083,24.841441,63.999500
0.131250,20.410510,-4.145930
0.135417,21.751120,-4.938642
0.139583,13.173854,16.100446
0.143750,18.636471,37.740228
0.147917,27.520237,21.113167
0.152083,26.235406,23.167156
0.156250,25.838617,39.480190
0.160417,23.634592,9.676289
0.164583,22.367881,35.756285
0.168750,16.566020,10.093042
0.172917,19.923937,16.833600
0.177083,19.919937,10.470881
0.181250,20.617028,26.465879
0.185417,19.490395,35.736282
0.189583,24.060801,13.578497
0.193750,20.347755,11.200436
0.197917,15.386360,33.322910
0.202083,13.355256,7.900652
0.206250,16.609856,10.929306
0.210417,12.108392,3.422975
0.214583,12.343708,27.473436
0.218750,12.192540,10.815590
0.222917,16.493703,9.077234
0.227083,21.309532,10.173463
0.231250,29.997505,24.928793
0.235417,33.841302,51.552581
0.239583,40.880606,54.255452
0.243750,37.004420,28.296220
0.247917,30.867845,45.369982
0.252083,25.679304,5.547865
0.256250,23.495134,20.869705
0.260417,20.146021,28.312747
0.264583,23.202083,17.375372
0.268750,21.161465,28.624417
0.272917,25.022451,20.828176
0.277083,26.498608,10.666612
0.281250,20.773725,47.617680
0.285417,18.155664,24.756158
0.289583,20.637435,0.000000
0.293750,11.113940,7.737872
0.297917,6.162668,23.075467
0.302083,4.490253,0.000204
0.306250,4.245424,-0.000204
0.310417,2.474142,-8.362073
0.314583,0.849860,6.513727
0.318750,6.628265,14.219056
0.322917,15.328145,-8.121204
0.327083,18.429611,28.891816
0.331250,19.179373,35.137328
0.335417,25.153525,22.021058
0.339583,23.866613,17.967866
0.343750,22.782157,21.749557
0.347917,28.361477,22.457256
0.352083,27.277184,29.715047
0.356250,24.453877,49.917661
0.360417,22.856472,12.546397
0.364583,27.083650,7.633021
0.368750,25.646304,14.470234
0.372917,36.842435,50.850939
0.377083,49.021242,42.730927
0.381250,59.832606,68.527055
